Ace = Unidad
Alben = Ciudad en una colina blanca
Amadeus = Amante de dios
Amado = Amante de dios
Anthony = Loable
Anfernee = Loable
Anthoney = Loable
Anthonie = Loable
Antoine = Loable
Antony = Loable
Antonio = Loable
Tony = Loable
Archer = Arquero
Ardel = Industrioso
Augustus = Venerable, Exaltado
Austin = Renombrado
Caesar = De pelo largo
Cesare = De pelo largo
Cesario = De pelo largo
Czar = De pelo largo
Calvin = Calvo
Carmichael = Seguidor de Michael
Cassius = Cubierta protectora
Cato = Sabio
Cecil = Ciego
Charmain = Cantante
Charmane = Cantante
Charmian = Cantante
Claudius = Aburrido
Clement = Suave, Misericordioso
Clemens = Suave, Misericordioso
Clemente = Suave, Misericordioso
Klemens = Suave, Misericordioso
Corbin = Cuervo
Cornelius = Rayo de sol
Corwin = Delicia del corazón
Creed = Creencia
Dacian = Sureño
Dante = Duradero
Delmar = Por el mar
Dexter = Experto en mano de obra
Dominic = Pertenecer al señor
Domenico = Pertenecer al señor
Domingo = Pertenecer al señor
Drake = Continuar
Durant = Duradero
Fabian = Cultivador de frijoles
Fabiano = Cultivador de frijoles
Fadey = Padre
Felix = Afortunado
Fidel = Fiel
Forrest = Guardián del bosque
Francis = Libre
Francesco = Libre
Francisco = Libre
Francois = Libre
Gaius = Uno que se regocija
Garnet = Piedra preciosa
Horace = Guardián del tiempo
Ignatius = Ardiente
Jaylan = Jaybird
Jerome = Asustado
Jovan = Majestuoso
Jeovanni = Majestuoso
Jiovanni = Majestuoso
Jovann = Majestuoso
Jovonn = Majestuoso
Yovani = Majestuoso
Giovanni = Majestuoso
Joyce = Vivaz
Julius = Juvenil
Julian = Juvenil
Julien = Juvenil
Justin = Vertical
Justinn = Vertical
Lamar = Del mar
Laurel = Laurel
Lawrence = Coronado con laurel
Larrance = Coronado con laurel
Larry = Coronado con laurel
Laurant = Coronado con laurel
Lauritz = Coronado con laurel
Lorence = Coronado con laurel
Lorenzo = Coronado con laurel
Lorrenzo = Coronado con laurel
Leo = Lionhearted
Lionel = Pequeño Leon
Lyonel = Pequeño Leon
Lowell = Pequeño lobo
Lucius = Portador de luz
Magnus = Genial
Major = Mayor que
Marcel = Trabajador laborioso
Marcelis = Trabajador laborioso
Marcell = Trabajador laborioso
Marcellus = Trabajador laborioso
Marsello = Trabajador laborioso
Marius = Belicoso
Mark = Marcial
Marcio = Marcial
Marcus = Marcial
Markeese = Marcial
Markey = Marcial
Markos = Marcial
Markus = Marcial
Marques = Marcial
Marquez = Marcial
Marquis = Marcial
Martin = Belicoso
Martinez = Belicoso
Marvel = Milagro
Maurice = Desde el pantano
Maury = Desde el pantano
Morrice = Desde el pantano
Morrie = Desde el pantano
Morris = Desde el pantano
Morry = Desde el pantano
Maximillian = El más grande en excelencia
Mayer = Renombrado
Mayhew = Regalo de Dios
Millard = Vigilante
Nigel = Campeón
Noel = Niño de navidad
Octavius = Octavo
Orson = Osito
Paul = Pequeño, humilde
Pauli = Pequeño, humilde
Paulo = Pequeño, humilde
Payne = Del pais
Pervis = Paso
Porter = Portero
Pryor = Jefe del Monasterio
Quintin = Quinto
Quinton = Quinto
Ransom = Redentor
Regis = Real
Remus = Rápido
René = Renacido
Ranato = Renacido
Renne = Renacido
Rex = Rey
Roman = Desde Roma
Rufus = Pelirrojo
Sancho = Santificado
Silas = Del bosque
Sylvester = Del bosque
Tempest = Tormentoso
Terrence = Tierno
Tarry = Tierno
Terence = Tierno
Terrance = Tierno
Terry = Tierno
Tullis = Rango
Valli = Fuerte
Ulysses = Uno que detesta
Urban = De la ciudad
Vernon = Juvenil
Victor = Conquistador
Vincent = Conquistador
Virgil = Portador del personal