Ace = Unité
Alben = De la ville sur une colline blanche
Amadeus = Amoureux de Dieu
Amado = Amoureux de Dieu
Anthony = Louable
Anfernee = Louable
Anthoney = Louable
Anthonie = Louable
Antoine = Louable
Antony = Louable
Antonio = Louable
Tony = Louable
Archer = Archer
Ardel = Industrieux
Augustus = Vénérable, exalté
Austin = Renommé
Caesar = poil long
Cesare = poil long
Cesario = poil long
Czar = poil long
Calvin = Chauve
Carmichael = Adepte de Michel
Cassius = Couvercle de protection
Cato = Sage
Cecil = Aveugle
Charmain = Chanteur
Charmane = Chanteur
Charmian = Chanteur
Claudius = Boiteux
Clement = Doux, Miséricordieux
Clemens = Doux, Miséricordieux
Clemente = Doux, Miséricordieux
Klemens = Doux, Miséricordieux
Corbin = corbeau
Cornelius = Rayon de soleil
Corwin = Délice du coeur
Creed = Croyance
Dacian = Sudiste
Dante = Durable
Delmar = Par la mer
Dexter = Habile dans la main-d'oeuvre
Dominic = Appartenir au Seigneur
Domenico = Appartenir au Seigneur
Domingo = Appartenir au Seigneur
Drake = Dragon
Durant = Durable
Fabian = Producteur de haricots
Fabiano = Producteur de haricots
Fadey = Père
Felix = Chanceux
Fidel = Fidèle
Forrest = Gardien de la forêt
Francis = Libre
Francesco = Libre
Francisco = Libre
Francois = Libre
Gaius = Celui qui se réjouit
Garnet = Pierre précieuse
Horace = Gardien du temps
Ignatius = Ardent
Jaylan = Jaybird
Jerome = Effrayé
Jovan = Majestueux
Jeovanni = Majestueux
Jiovanni = Majestueux
Jovann = Majestueux
Jovonn = Majestueux
Yovani = Majestueux
Giovanni = Majestueux
Joyce = Vivace
Julius = Jeune
Julian = Jeune
Julien = Jeune
Justin = Droit
Justinn = Droit
Lamar = De la mer
Laurel = Laurier
Lawrence = Couronné de Laurier
Larrance = Couronné de Laurier
Larry = Couronné de Laurier
Laurant = Couronné de Laurier
Lauritz = Couronné de Laurier
Lorence = Couronné de Laurier
Lorenzo = Couronné de Laurier
Lorrenzo = Couronné de Laurier
Leo = Cœur de Lion
Lionel = Petit lion
Lyonel = Petit lion
Lowell = Petit loup
Lucius = Porteur de Lumière
Magnus = Génial
Major = Plus grand
Marcel = Ouvrier industrieux
Marcelis = Ouvrier industrieux
Marcell = Ouvrier industrieux
Marcellus = Ouvrier industrieux
Marsello = Ouvrier industrieux
Marius = Guerrier
Mark = Martial
Marcio = Martial
Marcus = Martial
Markeese = Martial
Markey = Martial
Markos = Martial
Markus = Martial
Marques = Martial
Marquez = Martial
Marquis = Martial
Martin = Guerrier
Martinez = Guerrier
Marvel = Miracle
Maurice = Du Marais
Maury = Du Marais
Morrice = Du Marais
Morrie = Du Marais
Morris = Du Marais
Morry = Du Marais
Maximillian = Le plus grand en excellence
Mayer = Renommé
Mayhew = Don de Dieu
Millard = Le concierge
Nigel = Champion
Noel = Enfant de Noël
Octavius = Huitième
Orson = Petit ours
Paul = Petit, humble
Pauli = Petit, humble
Paulo = Petit, humble
Payne = Du Pays
Pervis = Passage
Porter = Portier
Pryor = Chef du Monastère
Quintin = Cinquième
Quinton = Cinquième
Ransom = Rédempteur
Regis = Royal
Remus = Rapide
René = Renaître
Ranato = Renaître
Renne = Renaître
Rex = Roi
Roman = De Rome
Rufus = aux cheveux roux
Sancho = Sanctifié
Silas = De la forêt
Sylvester = De la forêt
Tempest = Orageux
Terrence = Tendre
Tarry = Tendre
Terence = Tendre
Terrance = Tendre
Terry = Tendre
Tullis = Rang
Valli = Fort
Ulysses = Celui qui déteste
Urban = De la ville
Vernon = Jeune
Victor = Conquérant
Vincent = Conquête
Virgil = Porteur de bâton